Time,x1,x2,x3,x4,x5,x6,x7,x8,x9,x10,x11,x12,x13,x14,x15,x16,x17,x18,x19,x20,x21,x22,x23,x24,x25,x26,x27,x28,x29,x30,x31,x32,
0,9901980.0,451440.0,79200.0,8800.0,9900.0,1100.0,118800.0,13200.0,118800.0,13200.0,118800.0,13200.0,118800.0,118800.0,13200.0,118800.0,13200.0,594000.0,66000.0,594000.0,66000.0,118800.0,13200.0,118800.0,13200.0,118800.0,13200.0,118800.0,13200.0,118800.0,118800.0,118800.0,
1,9815355.169470303,451384.3950789028,8800.0,79200.0,9844.768073729514,1160.7312089727425,72511.57147826087,59459.00591304348,118780.25695294036,13220.797287436606,115572.11795469855,13636.48453854679,118800.0,118794.61140256403,13200.210193517007,118800.0,13200.0,575236.1600275905,84486.96444757124,569915.862667901,89904.24072045635,86484.4355468481,46150.60823739858,118778.1825299305,13222.104542044084,104082.18327883355,27911.500061629486,118697.01957650819,13200.0,118800.0,118800.0,118800.0,
2,9815355.169470303,451332.8267376984,8800.0,79200.0,9790.380440318115,1219.9466983442537,67629.96174553633,61128.42836851273,118750.39361999357,13249.68317625298,114416.62456923666,14424.914219424756,118800.0,118786.44076679881,13200.46540512701,118800.0,13200.0,560430.3800291895,98370.6543365021,538278.6261455722,120816.97736415187,57782.41310067909,74552.09721527409,118733.41205211057,13274.352017932313,88829.90219971605,42864.865063034806,118481.84039137325,13200.0,118800.0,118800.0,118800.0,
3,9815355.169470303,451273.2367420974,8800.0,79200.0,9735.865695622482,1280.8361661851313,69791.53792498528,60711.84794184903,118715.92660247633,13288.676284409003,114246.42790494404,14062.293021403173,118800.0,118776.96357001484,13201.58905930902,118800.0,13200.0,549091.4386609507,108850.64313245621,503057.65058630187,155756.23973716225,37736.98375042002,95141.2588884355,118662.23516408994,13347.401261804214,73057.27267606827,58588.98577880314,118129.81992738432,13200.0,118800.0,118800.0,118800.0,
4,9815355.169470303,451205.9583637521,8800.0,79200.0,9680.067628478797,1340.5402795593182,68653.17667652151,60441.28825823531,118674.09089825337,13336.007290899657,114177.14034020843,13727.770183273551,118800.0,118770.24642572345,13202.597588755445,118800.0,13200.0,541050.5618571134,116430.41425936404,471036.00520934316,188695.85481242283,22205.629527289246,108287.16001786367,118578.23837201615,13440.863504035435,57274.0630817294,74961.81088613484,117622.55162593293,13200.1029439842,118800.0,118800.0,118800.0,
5,9815355.169470303,451153.6665214216,8800.0,79200.0,9623.92651695887,1399.322956762105,69527.94207011051,61071.99080212677,118621.21252888945,13393.225351781954,114114.99721539047,13568.598682455824,118800.0,118766.046397061,13203.149557340288,118800.0,13200.0,536187.0371523289,121046.09486556427,438961.59497222677,220719.96452784722,14733.304726766542,114848.28886128566,118480.96576485217,13544.452522627176,43932.70936521213,91403.30081510637,117000.05539703771,13204.524244956263,118800.0,118800.0,118800.0,
6,9815355.169470303,451104.4808259711,8800.0,79200.0,9568.104356687985,1458.2203458756182,68685.15056165653,61724.61738355542,118566.7908197248,13454.359267302174,114076.47760056876,13474.352955406663,118800.0,118763.1451232561,13203.600438859681,118800.0,13200.0,533845.0076714489,122842.90488361062,405235.45094147837,253158.56977648946,13368.829072558456,117313.58619448126,118382.57408322715,13654.224370864045,34258.09495419353,106135.6791906117,116334.66669113131,13227.031477231963,118800.0,118800.0,118800.0,
7,9815355.169470303,451051.49336388113,8800.0,79200.0,9510.985385783319,1515.7918232255554,69067.59645846937,62321.80538526474,118500.29686437077,13531.113548624176,114048.39145560327,13416.700109756466,118800.0,118760.68849348098,13203.842338863027,118800.0,13200.0,533471.2618558466,122614.6873728589,374386.96285674075,283352.31608259765,13223.279305547747,118228.69870055004,118282.22011125293,13764.220034992857,27770.539750127413,114430.76348598843,115740.66958389102,13271.489425212209,118800.0,118800.0,118800.0,
8,9815355.169470303,450993.71628259507,8800.0,79200.0,9454.695067242634,1574.0198409528248,68360.03455568274,62829.23913600982,118422.86424888027,13609.427305486295,114023.28793043498,13377.545774839271,118800.0,118758.32508940485,13203.963358896388,118800.0,13200.0,534500.3254422264,120835.94194684157,348581.439668535,309285.6164160247,13202.890963224992,118575.55552131543,118179.99398918441,13871.834965830718,22917.084323305964,117539.15795045049,115278.63171619292,13331.124451742915,118800.0,118800.0,118800.0,
9,9815355.169470303,450950.3831673219,8800.0,79200.0,9397.944949865594,1631.2771476166045,68408.1717608313,63289.443639484736,118338.65680941143,13690.556852350372,113999.63146870211,13337.84439395611,118800.0,118757.13387031466,13203.748435065152,118800.0,13200.0,536415.3609901802,118127.8196505442,326823.3151858046,331551.5353342138,13200.18490284571,118709.3687316032,118077.69149309216,13985.0216411556,19381.083932408867,118460.93049377849,114928.62353153943,13391.46031112853,118800.0,118800.0,118800.0,
10,9815355.169470303,450902.0415194894,8800.0,79200.0,9340.504533518715,1689.073172027237,68389.84394216005,63640.23974834851,118253.68783658395,13796.437030924326,113977.71064612616,13310.79522863347,118800.0,118756.01384936785,13203.78435440833,118800.0,13200.0,538839.2468979699,114872.21219069582,306776.40119083243,351580.9660129596,13200.008531157071,118763.57423471089,117974.55957082001,14095.746070352736,16959.731364980085,118711.10693053191,114653.94974861902,13443.137650383698,118800.0,118800.0,118800.0,
11,9815355.169470303,450852.51934994373,8800.0,79200.0,9282.025497986459,1746.04144121033,68477.44213153904,63895.295451779115,118164.15319150084,13902.19399721915,113967.9794501171,13298.632578941624,118800.0,118755.51738760555,13203.564362751047,118800.0,13200.0,541527.7632706456,111291.88438802547,287986.6769791662,369827.2614970798,13200.0,118785.45189994224,117864.91151269,14212.335030677943,15379.432318822115,118777.2868738623,114450.12126067874,13490.094566086806,118800.0,118800.0,118800.0,
12,9815355.169470303,450804.89814636385,8800.0,79200.0,9223.842147639685,1802.939095744,68516.70256079899,64072.45756020782,118067.76832763795,14009.294822769101,113961.89074411128,13286.165649908267,118800.0,118754.75623935103,13203.324701386164,118800.0,13200.0,544332.0888068757,107716.90532025338,270704.5916214721,386173.37108407536,13200.0,118793.75564050785,117757.2314997489,14333.883094975035,14414.608753851804,118794.44050780313,114276.73569173472,13528.760990395007,118800.0,118800.0,118800.0,
13,9815355.169470303,450763.63413654367,8800.0,79200.0,9166.444056194412,1858.3253332992535,68420.69226787976,64201.70141072753,117957.24981487934,14124.401000958014,113946.56052890018,13275.191303653604,118800.0,118754.29460152461,13203.03956035153,118800.0,13200.0,547144.4763635335,104226.38085643781,255766.85132545602,400212.9237598924,13200.0,118797.53489279722,117654.69313366576,14455.04282036478,13854.588476832805,118798.64035393788,114125.87324525439,13561.629396225908,118800.0,118800.0,118800.0,
14,9815355.169470303,450714.54049270094,8800.0,79200.0,9108.885939349502,1913.846894298315,68331.32640860019,64308.226883993375,117854.45865325074,14244.246977832236,113943.99075940967,13266.355469099759,118800.0,118754.00516225985,13202.535681805075,118800.0,13200.0,549869.017429906,100870.59396060546,243358.63901424903,411799.0119873116,13200.0,118799.04708247732,117548.99192613261,14566.379008727294,13543.496183750674,118799.67109365584,114003.5501926767,13589.735705564413,118800.0,118800.0,118800.0,
15,9815355.169470303,450668.7977861659,8800.0,79200.0,9050.824540509002,1968.7125769280271,68064.71753908272,64412.97751264294,117747.38432977282,14357.454995714523,113937.66818683906,13253.578810636245,118800.0,118753.79217521902,13202.105671509222,118800.0,13200.0,552497.0825346306,97726.44144612455,233340.94679207914,421388.3809748857,13200.0,118799.49007214014,117443.39395918699,14678.637267728354,13375.869664482707,118799.91710979016,113905.41485455088,13612.085719360626,118800.0,118800.0,118800.0,
16,9815355.169470303,450613.4274391456,8800.0,79200.0,8994.039044514519,2022.86373102481,68010.8088317627,64507.286848546515,117637.18763642524,14470.34301285343,113938.86259533846,13252.823130501365,118800.0,118753.82193566413,13201.839052001802,118800.0,13200.0,554966.4313426644,94843.37510640132,225297.53196631212,429330.4630101626,13200.0,118799.78899560151,117335.440909546,14795.951083987802,13287.770304639838,118799.97853705223,113824.42749847479,13631.625367521634,118800.0,118800.0,118800.0,
17,9815355.169470303,450563.77085781324,8800.0,79200.0,8935.84707298745,2078.2904544175076,67952.83447349895,64591.12045023775,117518.67464147587,14597.341447230383,113940.69563673092,13251.385852438267,118800.0,118753.54075845708,13201.569065659864,118800.0,13200.0,557296.7233437076,92155.47809159952,218817.93123717114,435879.7997205219,13200.0,118799.9380640564,117226.04034103981,14918.497960819572,13242.398226663912,118799.9945747615,113756.41204590126,13647.91372142469,118800.0,118800.0,118800.0,
18,9815355.169470303,450522.3653291252,8800.0,79200.0,8874.919394940262,2132.652503102468,67765.48715527669,64676.290612143675,117409.09073530308,14721.081531498889,113935.58965602747,13247.899110805824,118800.0,118753.74431935925,13201.42059763435,118800.0,13200.0,559492.631579746,89732.62731439996,213456.8116213237,441486.9244317477,13200.0,118799.97350769016,117117.73608784816,15029.546851682315,13219.857485996068,118799.9986377966,113693.97527158278,13659.532105159611,118800.0,118800.0,118800.0,
19,9815355.169470303,450458.3705996579,8800.0,79200.0,8815.222979496131,2186.3374624675057,67595.43837710908,64749.90652932551,117291.89544745562,14845.220548731413,113930.98356650923,13245.370433499587,118800.0,118754.0316774038,13201.411577813831,118800.0,13200.0,561591.5301985326,87550.00862198429,209225.49252030585,446103.99832179607,13200.0,118800.0,117014.31282898899,15146.996904974862,13208.921234271354,118799.9996492754,113643.27210024351,13671.253919415127,118800.0,118800.0,118800.0,
20,9815355.169470303,450412.677604985,8800.0,79200.0,8756.269788044368,2239.5864429857547,67561.2352708891,64819.67031120727,117172.40920414582,14982.457333748349,113919.67156463266,13240.776449628902,118800.0,118754.60106110934,13201.309737717333,118800.0,13200.0,563524.080179823,85578.43416243863,205821.11054914762,449843.11824528646,13200.0,118800.0,116908.26749188844,15253.30610045463,13203.862027142772,118799.99991289557,113597.39350474981,13683.18192702704,118800.0,118800.0,118800.0,
21,9815355.169470303,450369.583776355,8800.0,79200.0,8696.31067837002,2291.964247957812,67531.60927313162,64886.07527750482,117057.3608008874,15108.877952595196,113911.55742760724,13235.374647914345,118800.0,118754.8035501218,13201.147156587105,118800.0,13200.0,565324.411911699,83840.61911511919,203095.93951559928,452873.5933157409,13200.0,118800.0,116806.54319251562,15368.169172573927,13201.611133099039,118799.99997824267,113557.85449035106,13692.766952242344,118800.0,118800.0,118800.0,
22,9815355.169470303,450324.68206754414,8800.0,79200.0,8635.195824223625,2345.825083151255,67505.56648647426,64886.27167958275,116933.32212309694,15239.432168916228,113908.86584738648,13234.899373573944,118800.0,118755.16468632601,13201.068350132477,118800.0,13200.0,566969.6799975145,82223.3132123107,201078.11004661236,455305.689117621,13200.0,118800.0,116707.97123335705,15479.668007458036,13200.64066666598,118799.99999466621,113517.0911321001,13702.273438147478,118800.0,118800.0,118800.0,
23,9815355.169470303,450274.7071387174,8800.0,79200.0,8572.755039427795,2398.143079042673,67459.34706151093,64917.55400411219,116808.2117340657,15366.475672435266,113903.47519438987,13234.106537269427,118800.0,118755.3876620096,13200.959761571785,118800.0,13200.0,568504.5051550781,80809.62933332533,199711.19340584162,457154.5191688275,13200.0,118800.0,116603.61421061859,15596.352379184413,13200.243117325692,118799.99999868835,113484.18695412559,13709.059958435304,118800.0,118800.0,118800.0,
24,9815355.169470303,450229.97446715995,8800.0,79200.0,8511.679178650713,2450.2798662282285,67378.98826034876,64877.00266808047,116690.01629045629,15486.625909528804,113898.21449615786,13228.952067045668,118800.0,118756.01306306575,13200.79519145517,118800.0,13200.0,569936.534583553,79543.94181093365,198753.24046121677,458503.58110466064,13200.0,118800.0,116497.10548123415,15706.276082582632,13200.087411876777,118799.99999970144,113454.63295430862,13716.000855216722,118800.0,118800.0,118800.0,
25,9815355.169470303,450184.1046159085,8800.0,79200.0,8449.507838610414,2502.158136413943,67357.57394105477,64842.47710979619,116562.81156000785,15618.068073713168,113892.31439880628,13224.342370597047,118800.0,118756.3907028065,13200.771372737021,118800.0,13200.0,571251.1056306753,78404.86065347007,198186.47443117542,459389.05675980216,13200.0,118800.0,116398.49049680054,15812.621900244321,13200.029905668229,118799.99999993098,113428.89295780433,13722.181570182072,118800.0,118800.0,118800.0,
26,9815355.169470303,450138.6750972565,8800.0,79200.0,8389.221032708449,2554.220388848957,67309.78459099765,64865.5201567993,116435.4984437785,15748.380485184169,113887.91584768175,13223.208985782576,118800.0,118756.98547012388,13200.678802262104,118800.0,13200.0,572485.788068841,77362.8253113743,198052.34589222333,459857.5764500264,13200.0,118800.0,116294.95787182079,15928.746790311125,13200.009632922587,118799.99999998538,113404.83494270439,13727.270481186591,118800.0,118800.0,118800.0,
27,9815355.169470303,450088.66740343766,8800.0,79200.0,8326.557543626544,2605.421644453573,67258.84595783778,64887.41626939255,116303.72597590934,15879.44656415493,113885.36143625114,13222.915431955713,118800.0,118757.51696681305,13200.562305860494,118800.0,13200.0,573613.4292148354,76454.8270759418,198258.44236962197,459901.84130799305,13200.0,118800.0,116192.28418448771,16039.601942809659,13200.002907936265,118799.99999999696,113385.0800896415,13732.02381234562,118800.0,118800.0,118800.0,
28,9815355.169470303,450033.4393773033,8800.0,79200.0,8263.77420053753,2656.3507248067663,67192.90149766314,64936.187197287596,116174.41999783307,16009.492694112694,113876.55602781687,13221.126990722554,118800.0,118758.06831108373,13200.450765001273,118800.0,13200.0,574633.6330071365,75670.7252890141,198682.10676167393,459700.1675991646,13200.0,118800.0,116087.89424430158,16155.142427649636,13200.000823466045,118799.99999999937,113363.71176317433,13736.77857800656,118800.0,118800.0,118800.0,
29,9815355.169470303,449988.0201352102,8800.0,79200.0,8201.905215579118,2707.860883700704,67139.28123965058,64884.60848048414,116054.20376536495,16137.924787387125,113873.36641152194,13219.975199543711,118800.0,118758.77995371299,13200.385342529848,118800.0,13200.0,575579.1859367646,74968.51392443987,199503.57995589674,459112.894331029,13200.0,118800.0,115981.03756616557,16268.884441183844,13200.000217122302,118799.99999999988,113346.68894721831,13740.916544722213,118800.0,118800.0,118800.0,
30,9815355.169470303,449939.15043772064,8800.0,79200.0,8140.699492774245,2757.896327277251,67031.09432134114,64845.634617568445,115923.087116371,16263.595909371988,113866.45757785128,13219.772418377226,118800.0,118759.28147777381,13200.308129200796,118800.0,13200.0,576471.3007732428,74323.15799689539,200493.6736197454,458202.5285627278,13200.0,118800.0,115879.05855927563,16381.613066277012,13200.000052350946,118800.0,113333.78224913786,13745.175379341972,118800.0,118800.0,118800.0,
31,9815355.169470303,449905.19079806196,8800.0,79200.0,8082.751736466787,2807.3209172841066,66971.15837911272,64916.282898187754,115801.32621527411,16395.28907228245,113864.09404869296,13218.67132754471,118800.0,118759.77169166076,13200.26449968503,118800.0,13200.0,577286.0344695946,73718.58147354872,201729.74653049724,457125.22237812047,13200.0,118800.0,115773.88498554127,16500.024942616386,13200.000011788674,118800.0,113320.68372117252,13748.30463132762,118800.0,118800.0,118800.0,
32,9815355.169470303,449857.3423740928,8800.0,79200.0,8028.921191587456,2856.4959862055243,66896.35471585098,65000.446896037625,115672.12210759301,16523.511906152104,113861.82159579065,13217.112085855035,118800.0,118760.29524131965,13200.22256112741,118800.0,13200.0,578023.412126807,73202.863090133,203088.71445368673,455646.54136818316,13200.0,118800.0,115668.16675234822,16609.778628652137,13200.000002402237,118800.0,113306.90151142907,13751.031936441388,118800.0,118800.0,118800.0,
33,9815355.169470303,449815.90937026625,8800.0,79200.0,7980.451774029127,2904.5112208818427,66787.17315157173,65054.614960945204,115541.74664878682,16642.893395415314,113857.0269025279,13215.776916965197,118800.0,118760.90654451048,13200.182472198045,118800.0,13200.0,578720.7528494119,72751.7852632985,204693.0044312594,454022.9535089634,13200.0,118800.0,115563.9874350917,16723.785710946417,13200.0000004476,118800.0,113295.35627812623,13753.5777069929,118800.0,118800.0,118800.0,
34,9815355.169470303,449775.8374172196,8800.0,79200.0,7934.611888951523,2951.720002610576,66702.53847556464,65114.039925854864,115416.54649233822,16758.151532484433,113856.71424158054,13213.99309615869,118800.0,118761.48937183619,13200.16799508274,118800.0,13200.0,579346.9643372718,72343.38298542557,206404.78573222444,452112.363087887,13200.0,118800.0,115457.38915902773,16837.73583766592,13200.000000074298,118800.0,113284.60753537764,13756.235384534048,118800.0,118800.0,118800.0,
35,9815355.169470303,449729.91331756144,8800.0,79200.0,7893.699545645111,2998.6634971291587,66591.98254443565,65157.59488769051,115300.11668675177,16889.98435728327,113856.44787366161,13214.729643596114,118800.0,118762.16778936381,13200.139023325433,118800.0,13200.0,579924.4604628457,71969.61987355344,208253.0517233167,450097.48246525734,13200.0,118800.0,115351.90469749957,16950.976416572972,13200.000000010938,118800.0,113272.21506730776,13757.79527026046,118800.0,118800.0,118800.0,
36,9815355.169470303,449696.6865662281,8800.0,79200.0,7858.013344284341,3043.710468593199,66451.9744279852,65204.78825161222,115178.24223709549,17016.86934902549,113852.59654674664,13214.378470433869,118800.0,118762.66712456354,13200.112366558871,118800.0,13200.0,580459.3473273523,71630.95309473545,210112.63063327642,447912.4138658544,13200.0,118800.0,115243.39529542148,17066.175938556567,13200.000000001426,118800.0,113262.15840191115,13759.0011190231,118800.0,118800.0,118800.0,
37,9815355.169470303,449663.113750029,8800.0,79200.0,7826.405394027089,3088.550273982316,66327.3617751922,65270.24276101208,115052.73187668987,17134.715898864586,113850.56912248614,13213.073504230571,118800.0,118763.27975013212,13200.081812240918,118800.0,13200.0,580962.2487695878,71329.74639851267,212231.658900833,445611.38193100423,13200.0,118800.0,115135.79095748723,17179.259326687003,13200.000000000162,118800.0,113253.07373696932,13760.935467856614,118800.0,118800.0,118800.0,
38,9815355.169470303,449632.951583382,8800.0,79200.0,7798.373799137185,3130.7168126959086,66216.26435911543,65376.76167835542,114924.21834046862,17258.60588000509,113842.54326009673,13212.618926187382,118800.0,118763.78943751683,13200.065407972572,118800.0,13200.0,581402.0625609307,71058.46838459848,214653.8421059351,442961.0645791065,13200.0,118800.0,115022.32537823598,17293.763002734337,13200.000000000016,118800.0,113245.23652412414,13762.39985931182,118800.0,118800.0,118800.0,
39,9815355.169470303,449595.642107508,8800.0,79200.0,7772.353782974832,3173.0120306132767,66084.74155927426,65442.720575991065,114802.80846084404,17392.109844143117,113840.85276073775,13213.152355640148,118800.0,118764.37865146867,13200.073734402795,118800.0,13200.0,581831.8623089184,70808.80555392109,216964.15924906853,440193.7359948901,13200.0,118800.0,114912.3505892193,17407.18063019857,13200.0,118800.0,113236.65171694134,13765.201888683789,118800.0,118800.0,118800.0,
40,9815355.169470303,449559.7977911881,8800.0,79200.0,7749.218905161424,3215.836715615069,65961.21692526844,65550.20978595973,114684.7559554719,17516.73385642616,113836.6650192161,13212.671189501727,118800.0,118764.84064029755,13200.05687762125,118800.0,13200.0,582236.893389797,70577.09921205517,219417.60885252382,437409.19533046865,13200.0,118800.0,114805.72246605654,17519.39725245561,13200.0,118800.0,113231.5257706166,13766.754103515945,118800.0,118800.0,118800.0,
41,9815355.169470303,449519.9612254284,8800.0,79200.0,7726.7360035766815,3257.4851595855766,65841.36385472766,65651.12138098557,114547.66115972737,17633.468887939227,113831.93090954224,13212.65749591733,118800.0,118765.39213669144,13200.044409003594,118800.0,13200.0,582602.759835383,70364.10439866704,221891.7657837225,434530.10147680633,13200.0,118800.0,114696.94274797183,17633.883816243087,13200.0,118800.0,113224.48213923056,13768.0010520424,118800.0,118800.0,118800.0,
42,9815355.169470303,449491.939818417,8800.0,79200.0,7705.017034807648,3299.9275546230147,65711.04947640818,65643.62847584531,114435.88897989258,17758.152904760882,113827.39051429683,13213.671962977309,118800.0,118765.79767567938,13200.056368235391,118800.0,13200.0,582953.2884639137,70182.67914461832,224723.03824595758,431468.4785282151,13200.0,118800.0,114589.8049530591,17742.4439564911,13200.0,118800.0,113217.90935718876,13769.492370744596,118800.0,118800.0,118800.0,
43,9815355.169470303,449471.4767300626,8800.0,79200.0,7684.384387153557,3343.6181539630356,65583.89725114948,65754.44074030795,114317.33086635797,17890.23655705911,113824.45110609039,13214.219989198484,118800.0,118766.45999527455,13200.069880828494,118800.0,13200.0,583271.2241642122,70004.72378861094,227345.55827306063,428574.5576669557,13200.0,118800.0,114485.18545763334,17854.73526676449,13200.0,118800.0,113212.04491307803,13772.366123706166,118800.0,118800.0,118800.0,
44,9815355.169470303,449464.4253320745,8800.0,79200.0,7663.118607634365,3388.1869348357304,65447.75986246329,65859.89005868493,114214.84916384524,18015.37183497732,113823.98456048308,13214.671733805875,118800.0,118767.13538136438,13200.057821567767,118800.0,13200.0,583573.0628154909,69848.52499826111,229878.05759963128,425483.45084287366,13200.0,118800.0,114371.83513178013,17964.788392132592,13200.0,118800.0,113207.62200661424,13774.558510163964,118800.0,118800.0,118800.0,
45,9815355.169470303,449467.7498329248,8800.0,79200.0,7641.546256593049,3430.904679571785,65414.79196600309,65962.02676583697,114109.47502137911,18134.861271115726,113813.4845627876,13214.86467155186,118800.0,118767.45778574247,13200.070866405504,118800.0,13200.0,583843.9784619254,69704.5473154285,232219.53461677855,422466.1604375641,13200.0,118800.0,114268.67583884014,18071.039124104256,13200.0,118800.0,113204.30919810978,13776.060206797005,118800.0,118800.0,118800.0,
46,9815355.169470303,449425.8989013815,8800.0,79200.0,7617.459074179459,3474.263590241586,65274.44384015638,66009.50509849189,113994.5554174518,18256.789793375636,113810.84764250834,13216.097347800483,118800.0,118767.85288842145,13200.053748300727,118800.0,13200.0,584100.8962110892,69564.82822600426,234662.00306105707,419354.80989722314,13200.0,118800.0,114161.56119931617,18184.12871002202,13200.0,118800.0,113196.21515381213,13777.85668794344,118800.0,118800.0,118800.0,
47,9815355.169470303,449396.63050838746,8800.0,79200.0,7591.5071234037605,3515.9927072725127,65116.87937467842,66076.84242604945,113871.04430494548,18371.03196843608,113805.38316705714,13217.691268926223,118800.0,118768.31340888313,13200.042565283557,118800.0,13200.0,584348.0454862596,69437.94675370317,237306.03342210862,415975.6477654604,13200.0,118800.0,114053.65968661396,18294.538733965972,13200.0,118800.0,113191.2982605315,13779.18951608074,118800.0,118800.0,118800.0,
48,9815355.169470303,449371.52932459395,8800.0,79200.0,7564.880340189347,3558.1526036651376,65016.79719480331,66145.147663132,113759.35287024111,18490.557512043342,113796.73706320224,13217.594877161735,118800.0,118768.73979666787,13200.034270081462,118800.0,13200.0,584590.7968118493,69321.99132947574,240043.72001946205,412762.4112154931,13200.0,118800.0,113943.19498500253,18401.79242637253,13200.0,118800.0,113187.02552794963,13780.239134715193,118800.0,118800.0,118800.0,
49,9815355.169470303,449349.1736343267,8800.0,79200.0,7534.253390491985,3600.343337769796,64881.36680317418,66243.4753195548,113638.78185270558,18607.807737148458,113789.70495657851,13217.622229714527,118800.0,118768.96082029925,13200.026036502024,118800.0,13200.0,584803.6785553962,69203.21713434544,242515.56749773893,409813.95295163186,13200.0,118800.0,113835.11842467,18515.140567281655,13200.0,118800.0,113183.06161531102,13780.761621678903,118800.0,118800.0,118800.0,
50,9815355.169470303,449310.2602365308,8800.0,79200.0,7501.595331589399,3641.4773505374073,64726.24531150916,66287.45329488402,113520.50626532912,18715.129192275144,113785.85136307353,13217.83576511094,118800.0,118769.44673753365,13200.020268537415,118800.0,13200.0,584999.125463718,69102.03649881585,245255.94186339143,406546.4262299604,13200.0,118800.0,113731.79566310941,18622.547097118328,13200.0,118800.0,113178.44346756091,13781.424575210296,118800.0,118800.0,118800.0,
51,9815355.169470303,449276.97934048437,8800.0,79200.0,7465.473770066616,3683.6377572784645,64571.22918670215,66367.73452608618,113410.31941575799,18825.173293047977,113782.14188333476,13218.200963193858,118800.0,118769.88522293822,13200.014562550517,118800.0,13200.0,585185.7109471844,69013.15321678384,248202.25807121478,403510.83688017924,13200.0,118800.0,113624.51624391327,18736.799110946937,13200.0,118800.0,113174.26971934759,13782.215264640949,118800.0,118800.0,118800.0,
52,9815355.169470303,449237.73934726283,8800.0,79200.0,7427.567131189822,3725.5793303586383,64418.062703542324,66435.63649305537,113307.15354678767,18937.866510745618,113774.10172405197,13218.089439250078,118800.0,118770.3742091112,13200.01090819724,118800.0,13200.0,585371.5385184042,68905.96049506101,250734.33191304837,400532.65861350106,13200.0,118800.0,113517.12162430599,18842.72036480371,13200.0,118800.0,113169.22576126008,13782.728365451208,118800.0,118800.0,118800.0,
53,9815355.169470303,449198.07216449926,8800.0,79200.0,7386.240585004881,3767.2254008262844,64262.946808516695,66519.45526200625,113195.28251491435,19049.1391135691,113766.50365755038,13217.838080916501,118800.0,118770.56673412713,13200.00889450455,118800.0,13200.0,585538.7318281791,68820.86882191809,253358.35150386262,397380.3371051883,13200.0,118800.0,113409.40790507724,18951.455743724597,13200.0,118800.0,113164.52468993526,13783.180321169528,118800.0,118800.0,118800.0,
54,9815355.169470303,449157.32720983657,8800.0,79200.0,7343.860438314715,3808.5019120166917,64106.349977500526,66550.01015244352,113082.67560303517,19154.33296949913,113758.50173985142,13218.547563873299,118800.0,118770.75749714089,13200.007519242901,118800.0,13200.0,585712.1893082157,68742.07281575113,256165.9333340393,394258.76500666136,13200.0,118800.0,113302.2779474531,19065.49636066879,13200.0,118800.0,113161.14228140457,13783.416945417572,118800.0,118800.0,118800.0,
55,9815355.169470303,449123.36454417766,8800.0,79200.0,7300.238968730586,3849.093411974907,63938.34084837656,66635.37999895684,112980.45757972743,19262.056668252786,113753.9661527296,13218.85082366494,118800.0,118771.22509549183,13200.00577893588,118800.0,13200.0,585872.5918908728,68660.10222102974,258912.47928981585,391085.4447135127,13200.0,118800.0,113194.74052766309,19171.801518199267,13200.0,118800.0,113158.37197672996,13783.884130442744,118800.0,118800.0,118800.0,
56,9815355.169470303,449089.70608064835,8800.0,79200.0,7252.664728165305,3890.3847702180497,63790.072871971046,66652.2468041817,112873.61638056593,19363.049254545353,113749.03686543621,13219.119535990323,118800.0,118771.4949699252,13200.004569265686,118800.0,13200.0,586018.8449860411,68587.84795462733,261639.44711083217,387969.82029489055,13200.0,118800.0,113087.58363497735,19280.753819568745,13200.0,118800.0,113155.146880841,13784.286529266294,118800.0,118800.0,118800.0,
57,9815355.169470303,449051.4595341301,8800.0,79200.0,7203.950350931056,3931.6887617387365,63643.84284924046,66741.56302907983,112775.94586775929,19466.447884580866,113742.03575645224,13220.030810612794,118800.0,118771.71953490736,13200.004007111456,118800.0,13200.0,586162.3415167606,68512.93106566662,264052.7179784808,385335.09343804064,13200.0,118800.0,112979.13152915105,19385.59217280773,13200.0,118800.0,113153.06149127788,13784.79392161909,118800.0,118800.0,118800.0,
58,9815355.169470303,449023.0722709695,8800.0,79200.0,7155.1264245925295,3972.245487950137,63498.882108048776,66799.3187777023,112671.53180526814,19570.273838074892,113739.02653115633,13219.26093842757,118800.0,118772.05080043446,13200.002867125204,118800.0,13200.0,586295.7274989813,68442.62542839872,266799.83485841256,382536.9058651403,13200.0,118800.0,112870.55009935253,19496.567112268836,13200.0,118800.0,113150.45479918951,13785.451213833798,118800.0,118800.0,118800.0,
59,9815355.169470303,448985.124968826,8800.0,79200.0,7104.778115931544,4013.672906585334,63342.021174193054,66868.59598107432,112569.91254311558,19672.8489082053,113731.38835303762,13217.286791027182,118800.0,118772.40531220377,13200.002408683129,118800.0,13200.0,586429.2693534833,68376.27281468183,269481.79384173645,379539.81795656384,13200.0,118800.0,112759.49953448055,19603.03950303673,13200.0,118800.0,113147.90098312257,13786.229015414805,118800.0,118800.0,118800.0,
60,9815355.169470303,448946.2128334482,8800.0,79200.0,7051.582055602984,4054.7774570334086,63235.976232953064,66953.71834669524,112449.40018196161,19771.755871652676,113724.02405056961,13218.296107782942,118800.0,118772.58241397367,13200.001823079307,118800.0,13200.0,586552.3152142663,68317.08749446283,272069.73529796326,376643.70864676585,13200.0,118800.0,112647.3319360727,19714.36006362227,13200.0,118800.0,113145.34292244204,13786.598554645816,118800.0,118800.0,118800.0,
61,9815355.169470303,448910.04228332784,8800.0,79200.0,6999.940650274418,4095.6013766281303,63127.17179785108,67030.18540590539,112346.78863434095,19872.81532370893,113717.82749446871,13219.443289738878,118800.0,118772.73602733758,13200.00204977241,118800.0,13200.0,586669.6748714299,68261.0190813849,274747.7474673198,373871.8397842744,13200.0,118800.0,112538.87004585969,19820.581170415302,13200.0,118800.0,113142.62282235027,13786.955098303502,118800.0,118800.0,118800.0,
62,9815355.169470303,448871.3580683504,8800.0,79200.0,6944.796342710569,4136.767746218273,62981.75455047316,67111.64451514254,112249.73238357145,19979.522730837056,113715.44587126236,13219.745967084475,118800.0,118772.9274272236,13200.001583075316,118800.0,13200.0,586784.7294477095,68205.37541564622,277403.77378034696,371176.04060973815,13200.0,118800.0,112426.93838468607,19924.80258082167,13200.0,118800.0,113140.37683831537,13787.676978085525,118800.0,118800.0,118800.0,
63,9815355.169470303,448833.0290087048,8800.0,79200.0,6889.204808767227,4176.937314251307,62836.880321773526,67194.1353813208,112145.64333274888,20083.081915754967,113706.99650336275,13219.721219003355,118800.0,118773.38633102209,13200.0011183024,118800.0,13200.0,586892.7385043913,68151.31290410741,280251.30715711304,368238.8761677985,13200.0,118800.0,112319.78321548304,20034.251743373963,13200.0,118800.0,113138.05730909105,13788.451744393727,118800.0,118800.0,118800.0,
64,9815355.169470303,448798.7265639108,8800.0,79200.0,6832.857490506061,4216.4490850905695,62712.075022417586,67276.19097284983,112043.02121198842,20178.108568718537,113703.25737231059,13220.69467446914,118800.0,118773.75427118204,13200.02524249996,118800.0,13200.0,586996.2352493998,68101.28177038927,283106.2796784286,366205.3597478702,13200.0,118800.0,112204.65128760389,20151.64252144558,13200.0,118800.0,113135.98470085398,13788.656121977403,118800.0,118800.0,118800.0,
65,9815355.169470303,448760.1748853094,8800.0,79200.0,6776.651948529938,4256.8795330731955,62561.559554783336,67300.74060670861,111945.99437212557,20275.08460487713,113700.60609608538,13221.778844319077,118800.0,118773.82539831329,13200.017662573351,118800.0,13200.0,587088.8088487266,68051.18153667766,285273.4800520458,363865.85523659334,13200.0,118800.0,112100.64822343222,20261.47303995255,13200.0,118800.0,113133.51960929939,13789.521767166358,118800.0,118800.0,118800.0,
66,9815355.169470303,448725.4855685906,8800.0,79200.0,6719.909871501855,4296.850907428315,62412.14202825015,67376.72351221033,111845.28078833935,20373.671607429285,113696.11526650646,13222.034012116394,118800.0,118774.11538704192,13200.01297974357,118800.0,13200.0,587189.3576732945,68000.37490906962,287149.60152946855,361983.5441207829,13200.0,118800.0,111993.56458789932,20371.09711786404,13200.0,118800.0,113131.84866619026,13789.445241056901,118800.0,118800.0,118800.0,
67,9815355.169470303,448692.4452722016,8800.0,79200.0,6662.330803495397,4337.154440266577,62293.77440096009,67467.59648094102,111741.83519537632,20470.706223280176,113693.04233828498,13223.227150041754,118800.0,118774.28828566836,13200.009548485219,118800.0,13200.0,587283.7205297692,67957.16520449393,289672.4081005852,359504.8925153953,13200.0,118800.0,111883.79452669475,20479.055619665058,13200.0,118800.0,113129.86579601342,13790.415617468358,118800.0,118800.0,118800.0,
68,9815355.169470303,448656.258887585,8800.0,79200.0,6605.791551441765,4377.0657979969355,62165.28142479543,67519.52407458868,111650.36470166592,20569.924275585483,113687.27372476608,13222.548901281614,118800.0,118774.55764792752,13200.007202917228,118800.0,13200.0,587372.3344540454,67912.70896876242,292195.1035655578,357338.7244022281,13200.0,118800.0,111771.93838781447,20584.87627841025,13200.0,118800.0,113128.99786060437,13791.059059364397,118800.0,118800.0,118800.0,
69,9815355.169470303,448624.5464655525,8800.0,79200.0,6550.681412834468,4416.25517738097,62018.35698355318,67564.46441890599,111546.1639742513,20663.329206806415,113680.8570282573,13222.145388525416,118800.0,118774.96558497772,13200.029531774439,118800.0,13200.0,587460.2786555304,67869.34047721462,294690.23137708224,355461.031687306,13200.0,118800.0,111657.40752131064,20699.235109701305,13200.0,118800.0,113127.35215307545,13791.224492931722,118800.0,118800.0,118800.0,
70,9815355.169470303,448593.50062207563,8800.0,79200.0,6494.450330162319,4454.804821726715,61877.76172444393,67630.93822924465,111445.40579986945,20765.327203263572,113674.51894496972,13222.988335080416,118800.0,118775.31070287396,13200.020768635224,118800.0,13200.0,587545.7825463263,67828.01429459332,297451.75354432646,353129.89388171746,13200.0,118800.0,111545.1908996522,20807.96264575485,13200.0,118800.0,113126.84138207346,13791.480557205636,118800.0,118800.0,118800.0,
71,9815355.169470303,448566.1275422689,8800.0,79200.0,6441.046601813459,4492.092188290779,61737.23393480229,67718.16167560883,111349.74197182036,20856.885773438382,113669.37204034333,13223.601190931695,118800.0,118775.67877845913,13200.014503985583,118800.0,13200.0,587624.2865072773,67787.45835735332,299615.8128786341,350802.0378162667,13200.0,118800.0,111437.41756546964,20914.58293793119,13200.0,118800.0,113125.39206155673,13792.123063836327,118800.0,118800.0,118800.0,
72,9815355.169470303,448528.23053575173,8800.0,79200.0,6387.170491885965,4528.388319754339,61614.25827433023,67793.49930083916,111261.63564722805,20951.70266371358,113662.56070753693,13222.822487619205,118800.0,118775.81816662088,13200.00988523386,118800.0,13200.0,587704.6026075635,67750.47046221406,301410.8322143162,348505.27156629803,13200.0,118800.0,111335.1545188384,21022.629935747842,13200.0,118800.0,113123.75232762744,13792.318134318271,118800.0,118800.0,118800.0,
73,9815355.169470303,448499.223992264,8800.0,79200.0,6335.473587717487,4566.452464421456,61498.49801802307,67878.8506068519,111160.81618975959,21036.591363736814,113658.63128832179,13222.82174186038,118800.0,118775.96054005067,13200.03043761584,118800.0,13200.0,587784.8830593582,67719.60883802758,304004.07937018236,346402.1614624287,13200.0,118800.0,111225.13332575915,21128.872444465636,13200.0,118800.0,113122.01306549189,13792.717900104943,118800.0,118800.0,118800.0,
74,9815355.169470303,448458.8264327739,8800.0,79200.0,6286.4361367607125,4603.275303994914,61378.621752132865,67957.23527139769,111065.68203429907,21135.11787671977,113656.87112493729,13223.52910545328,118800.0,118776.27274650882,13200.0207962114,118800.0,13200.0,587857.2496079593,67679.90843982672,306590.6106002795,344291.80022172455,13200.0,118800.0,111117.00790309797,21241.309603944388,13200.0,118800.0,113120.57540463487,13793.128758380548,118800.0,118800.0,118800.0,
75,9815355.169470303,448418.4923820905,8800.0,79200.0,6236.224838095923,4639.937059332543,61246.04510744871,68042.7702634333,110970.59538065625,21228.05720571902,113650.22074931733,13224.965110782288,118800.0,118776.4315608639,13200.013615761423,118800.0,13200.0,587926.5668960408,67647.54327090089,308702.5460113417,342211.65402357694,13200.0,118800.0,111008.15069419358,21346.09587308234,13200.0,118800.0,113119.47043627799,13793.386357486577,118800.0,118800.0,118800.0,
76,9815355.169470303,448385.5121498496,8800.0,79200.0,6189.207388967809,4675.828315685271,61130.62395881066,68127.44736644493,110870.42891646424,21318.05956067573,113643.45686023263,13226.537596273703,118800.0,118776.69907654087,13200.009032577678,118800.0,13200.0,587989.542225256,67617.04018654098,311370.88274096756,340934.6766104087,13200.0,118800.0,110889.8017804106,21452.664153971335,13200.0,118800.0,113117.90017673012,13793.98034860787,118800.0,118800.0,118800.0,
77,9815355.169470303,448351.30783490976,8800.0,79200.0,6144.44836727326,4711.163588295932,61005.9398591493,68200.58782101078,110773.38084678666,21408.914248233872,113632.35057915375,13228.141772804614,118800.0,118776.83217873967,13200.006029553775,118800.0,13200.0,588065.4762130096,67584.69425973056,313867.09194177703,338827.0553495048,13200.0,118800.0,110779.09548216456,21558.61978678536,13200.0,118800.0,113117.2028180334,13793.896297919426,118800.0,118800.0,118800.0,
78,9815355.169470303,448320.2310446784,8800.0,79200.0,6100.152658219351,4746.17983102112,60883.80765842351,68266.51658290731,110684.29734232262,21489.220042799236,113630.83972680598,13229.869098286386,118800.0,118776.87027530328,13200.00375706287,118800.0,13200.0,588133.6446108517,67550.42674023798,316329.4556400079,336790.3117479215,13200.0,118800.0,110668.82947362174,21668.22199012532,13200.0,118800.0,113114.9916917881,13794.160606252195,118800.0,118800.0,118800.0,
79,9815355.169470303,448289.2281974015,8800.0,79200.0,6058.11085366835,4780.634649725607,60766.93338845924,68338.56039560486,110600.41872946174,21575.32689230032,113626.51807657727,13231.62742231654,118800.0,118777.11229982422,13200.002336387683,118800.0,13200.0,588200.501025503,67519.25184418003,318755.89284000103,334663.09456142987,13200.0,118800.0,110555.67635101992,21773.621485255127,13200.0,118800.0,113113.95942709444,13794.353619344349,118800.0,118800.0,118800.0,
80,9815355.169470303,448258.942834686,8800.0,79200.0,6016.887639860527,4814.998005767063,60652.92220771536,68414.17367849602,110502.73253927667,21658.223891300466,113618.93023061765,13233.43163918299,118800.0,118777.32676596122,13200.026169098546,118800.0,13200.0,588261.0297560879,67493.33046038437,321397.10953758244,332459.68936489447,13200.0,118800.0,110441.49704742711,21885.30204184576,13200.0,118800.0,113112.82669854631,13794.560183335188,118800.0,118800.0,118800.0,
81,9815355.169470303,448234.78951423574,8800.0,79200.0,5977.339200902582,4847.741762864266,60536.594603568636,68496.51035839778,110410.90476945839,21741.814015385386,113614.11917615288,13233.665648987822,118800.0,118777.60974531317,13200.017767552485,118800.0,13200.0,588319.0643947064,67463.25734826617,323966.5459670004,330410.91419658787,13200.0,118800.0,110330.95318625144,21988.681703533937,13200.0,118800.0,113111.48177599747,13794.655866985937,118800.0,118800.0,118800.0,
82,9815355.169470303,448212.06703371886,8800.0,79200.0,5939.909597779372,4880.280719841558,60429.61829741987,68579.26831134352,110318.45348098385,21823.078858101348,113609.60092878876,13235.504177918147,118800.0,118777.84587772204,13200.011464359779,118800.0,13200.0,588381.19252096,67439.9484695879,325790.11375704635,328258.8251676389,13200.0,118800.0,110218.3131462357,22098.237340904692,13200.0,118800.0,113110.80946734067,13794.95202560463,118800.0,118800.0,118800.0,
83,9815355.169470303,448189.836197804,8800.0,79200.0,5904.939523316237,4912.2513571201835,60343.10041503916,68656.67894518828,110221.92456138582,21907.787638370835,113607.46334190952,13236.398493923427,118800.0,118777.9702186519,13200.007606378605,118800.0,13200.0,588443.3736758378,67415.46208817919,328611.8127817298,326297.98418150033,13200.0,118800.0,110108.81654371544,22210.280199484172,13200.0,118800.0,113109.88550371877,13795.404130905965,118800.0,118800.0,118800.0,
84,9815355.169470303,448171.01034330996,8800.0,79200.0,5871.558469780039,4944.053730221912,60226.500484399556,68747.65112903422,110132.48779215278,21989.70209165911,113601.94188860129,13237.486919869874,118800.0,118778.21989748438,13200.004807341007,118800.0,13200.0,588501.1426204008,67388.81230436584,331385.25201541703,324309.108510154,13200.0,118800.0,109996.53994675094,22315.396976378157,13200.0,118800.0,113108.59714110919,13795.676629102692,118800.0,118800.0,118800.0,
85,9815355.169470303,448156.8666868742,8800.0,79200.0,5839.974521090387,4976.144090075324,60118.961381036046,68816.9354225446,110043.83044986404,22079.936075728892,113600.40521975905,13238.845827016645,118800.0,118778.39372723654,13200.00337376125,118800.0,13200.0,588558.9520406744,67363.36301479749,333801.2407158434,322494.6588002495,13200.0,118800.0,109881.09900171355,22421.06203446318,13200.0,118800.0,113107.91569462861,13795.971493940862,118800.0,118800.0,118800.0,
86,9815355.169470303,448119.14088112244,8800.0,79200.0,5810.420615913526,5007.4830378559445,60035.79003624964,68901.95436645295,109953.67873209086,22162.75292763654,113600.16534507505,13240.46110082604,118800.0,118778.56069365183,13200.002099811862,118800.0,13200.0,588611.1143040468,67341.25693973513,336062.1092690815,321086.39600004844,13200.0,118800.0,109772.2024524174,22524.456625610408,13200.0,118800.0,113106.98840963078,13796.20699826944,118800.0,118800.0,118800.0,
87,9815355.169470303,448086.80832042836,8800.0,79200.0,5781.632693203391,5037.442791180704,59942.98184956591,68982.0718367707,109857.48333835728,22247.36472816878,113596.89148155706,13240.791666760912,118800.0,118778.62003950299,13200.001854878876,118800.0,13200.0,588659.3338977767,67314.87278391841,338359.5746091083,319516.08147987345,13200.0,118800.0,109655.5740225082,22626.852945792096,13200.0,118800.0,113106.41434255289,13796.205899800152,118800.0,118800.0,118800.0,
88,9815355.169470303,448049.6406351699,8800.0,79200.0,5754.841819479932,5066.255114601636,59830.41952588838,69055.23556359124,109770.78123111113,22330.529360590237,113594.24056915783,13241.412442171675,118800.0,118778.77005056974,13200.001304146399,118800.0,13200.0,588715.0823110635,67293.1575973504,341040.7878361154,317462.99261004006,13200.0,118800.0,109542.86793209953,22726.980828716187,13200.0,118800.0,113105.45344829903,13796.18473201339,118800.0,118800.0,118800.0,
89,9815355.169470303,448019.8026991079,8800.0,79200.0,5728.967714755725,5095.883478687553,59733.07171916859,69152.66843864747,109691.00860042052,22409.116594480023,113592.9487460035,13243.254440595025,118800.0,118778.85393837548,13200.00080546222,118800.0,13200.0,588768.6046837874,67271.05524184874,343814.1127660047,315476.7892786834,13200.0,118800.0,109427.09801563314,22828.72110349182,13200.0,118800.0,113104.88403624693,13796.274736838697,118800.0,118800.0,118800.0,
90,9815355.169470303,447980.58317571494,8800.0,79200.0,5705.052192241943,5125.596966660288,59642.790945688575,69239.98012680144,109618.03296752868,22497.698113794475,113591.87761678375,13244.67637172241,118800.0,118778.96191582817,13200.000475789784,118800.0,13200.0,588819.4441299024,67250.48037182576,346556.28746234934,313408.6522615017,13200.0,118800.0,109313.97435557278,22933.145639772913,13200.0,118800.0,113104.6926807655,13796.370474729541,118800.0,118800.0,118800.0,
91,9815355.169470303,447946.8408876523,8800.0,79200.0,5682.387393801589,5153.012020983214,59553.563951787975,69328.52840421707,109525.30220815612,22587.0473295484,113585.3327462019,13246.280836386959,118800.0,118779.14388860144,13200.000294941809,118800.0,13200.0,588871.8998108972,67226.47272382019,349098.2246693035,311576.87929151184,13200.0,118800.0,109206.21302425966,23034.345756051862,13200.0,118800.0,113103.25721277409,13796.466172805855,118800.0,118800.0,118800.0,
92,9815355.169470303,447922.76718780666,8800.0,79200.0,5661.366693728921,5181.771931461288,59461.31638646035,69405.78347882809,109431.17092413268,22663.778305734668,113581.22460684921,13247.838085846233,118800.0,118779.364839696,13200.000221611712,118800.0,13200.0,588918.8628774105,67204.89233900563,351616.8216397099,310483.3086791499,13200.0,118800.0,109095.96642137624,23147.710799252964,13200.0,118800.0,113102.33610061849,13796.570100571089,118800.0,118800.0,118800.0,
93,9815355.169470303,447886.63859155594,8800.0,79200.0,5641.27531631005,5210.190820591527,59371.09205343478,69492.57081581086,109338.18795901959,22745.161387517182,113576.87784098211,13247.265510064213,118800.0,118779.5311801742,13200.000124972727,118800.0,13200.0,588968.6411249401,67186.20495031534,353134.1253075524,309155.20197302254,13200.0,118800.0,108979.25746783815,23250.98178599996,13200.0,118800.0,113101.42438496341,13796.96226099769,118800.0,118800.0,118800.0,
94,9815355.169470303,447857.89979327697,8800.0,79200.0,5622.364795466264,5237.753761938523,59288.60673290557,69577.02941499931,109261.01090901141,22821.07558498947,113573.83093139628,13244.708202717875,118800.0,118779.56961150703,13200.024469230502,118800.0,13200.0,589012.8574966458,67163.3112045852,355069.10618276725,307145.0198523256,13200.0,118800.0,108867.80987608526,23355.482257515338,13200.0,118800.0,113100.74198674007,13797.25884315883,118800.0,118800.0,118800.0,
95,9815355.169470303,447826.89010071,8800.0,79200.0,5605.053995093553,5265.495365393373,59192.810894094924,69661.15944610904,109167.55776618521,22899.999961614092,113566.61552257447,13245.120371976174,118800.0,118779.78935505693,13200.013220821389,118800.0,13200.0,589061.645008118,67140.47924853917,357234.57480136433,305438.5937356453,13200.0,118800.0,108750.77523439638,23460.433320286742,13200.0,118800.0,113099.6160766583,13797.356918662623,118800.0,118800.0,118800.0,
96,9815355.169470303,447799.0616078758,8800.0,79200.0,5588.4590301877315,5292.955015693189,59108.56282371744,69752.53821335894,109073.10249749213,22984.382041180135,113563.35746031714,13245.58451854977,118800.0,118780.04507319113,13200.008387316766,118800.0,13200.0,589108.0258643149,67120.79615768549,359330.143242623,303490.1821602648,13200.0,118800.0,108639.39208594587,23567.17892781573,13200.0,118800.0,113098.98732330672,13797.356983705706,118800.0,118800.0,118800.0,
97,9815355.169470303,447773.73794236995,8800.0,79200.0,5572.717132800197,5320.421222849224,59016.25347123466,69837.03737209374,108996.92173843287,23067.306992665133,113560.02298569819,13245.02796005096,118800.0,118780.10608697419,13200.005110887112,118800.0,13200.0,589150.9106482405,67100.15955099877,361376.91536332224,301854.9365287216,13200.0,118800.0,108524.7501565775,23671.869157698406,13200.0,118800.0,113098.80590491007,13797.757010288524,118800.0,118800.0,118800.0,
98,9815355.169470303,447758.49732818495,8800.0,79200.0,5557.904434697611,5347.9671649499005,58933.713117947256,69922.17024495757,108912.62753989967,23148.27949643549,113553.48413529992,13244.24937020181,118800.0,118780.26800978878,13200.003633049962,118800.0,13200.0,589194.3324688416,67080.05557398545,363275.86111969536,300052.45248027,13200.0,118800.0,108412.07082998773,23776.920509341377,13200.0,118800.0,113098.0047106616,13797.817305730874,118800.0,118800.0,118800.0,
99,9815355.169470303,447744.4788100757,8800.0,79200.0,5544.02532215148,5375.762335130412,58852.92259533824,70005.21363168694,108827.76437273074,23229.080248445523,113549.2090176323,13245.370431212046,118800.0,118780.37087096306,13200.002022169852,118800.0,13200.0,589236.917185023,67061.68674413706,365011.8948679432,298156.579783897,13200.0,118800.0,108302.14283715075,23880.386703235105,13200.0,118800.0,113097.23085844998,13797.914803732223,118800.0,118800.0,118800.0,
